{
    "F": 0.0,
    "cm": 1.0,
    "rm": {
        "1": 12900.780432428548,
        "2": 5413.823690854224,
        "3": 12900.780432428548,
        "4": 12900.780432428548
    },
    "ra": {
        "1": 341.4626706091646,
        "2": 84.52274092050831,
        "3": 341.4626706091646,
        "4": 341.4626706091646
    },
    "swc_file": "examples/morphologies/DH070213C3.swc"
}
