{
    "F": 0.0,
    "cm": 1.0,
    "rm": {
        "1": 14964.486594454955,
        "2": 5284.845157050216,
        "3": 14964.486594454955,
        "4": 14964.486594454955
    },
    "ra": {
        "1": 138.65270141742877,
        "2": 99.02287084853403,
        "3": 138.65270141742877,
        "4": 138.65270141742877
    },
    "swc_file": "examples/morphologies/DH070813.swc"
}
